sample_id,label,X_score_scaled
1,0,-0.7079924508881752
2,0,-0.7079924508881752
3,0,-0.7079924508881752
4,0,-0.7079924508881752
5,0,-0.7079924508881752
6,0,-0.7079924508881752
7,0,-0.7079924508881752
8,0,-0.7079924508881752
9,0,-0.6673484303675999
10,0,-0.7079924508881752
11,0,-0.4769632816133259
12,0,-0.5261639380329698
13,0,-0.5565399954746629
14,0,-0.7079924508881752
15,0,-0.12079331231459998
16,1,0.3192316887949973
17,0,-0.7079924508881752
18,0,-0.20379268053556432
19,0,-0.5693749493232656
20,0,-0.5860603893264492
21,0,-0.47589370212594234
22,0,-0.6185756057429095
23,0,-0.6344053821561861
24,0,-0.669487589342367
25,0,-0.6502351585694629
26,0,-0.6617866170332054
27,0,-0.5796429124021478
28,0,-0.7079924508881752
29,0,-0.7079924508881752
30,0,-0.47182930007388485
31,0,-0.5449885370109204
32,0,-0.6829642908833998
33,0,-0.5591069862443835
34,0,-0.544560705215967
35,0,-0.05832987025139995
36,0,-0.6284157370268383
37,0,-0.7079924508881752
38,0,-0.3469024159474849
39,0,-0.5308700877774574
40,0,-0.30690014311933966
41,0,1.5473228562088026
42,0,-0.6470264201073122
43,0,-0.6943018334496657
44,0,-0.7079924508881752
45,0,-0.6677762621625534
46,0,-0.7079924508881752
47,0,-0.23540945018262244
48,0,-0.566807958553545
49,0,-0.5976118477901917
50,0,-0.7079924508881752
51,0,-0.47439629084360535
52,0,-0.5796429124021478
53,0,-0.7079924508881752
54,0,-0.6346192980536629
55,0,-0.5796429124021478
56,0,1.4998335269689722
57,0,0.16093392466223008
58,0,-0.6887400201152711
59,0,-0.5903387072759835
60,0,-0.7079924508881752
61,0,-0.6887400201152711
62,0,-0.6848895339606903
63,0,-0.5539730047049424
64,0,-0.7079924508881752
65,0,-0.6848895339606903
66,0,-0.30561664773447944
67,0,-0.5360040693168986
68,0,-0.6284157370268383
69,0,-0.6617866170332054
70,0,-0.3526781451793561
71,0,-0.7079924508881752
72,0,-0.6104468016387944
73,1,0.0109788805310548
74,0,-0.5710862765030794
75,0,-0.6087354744589807
76,0,-0.5013496939256712
77,0,-0.2534211687501616
78,0,-0.6515186539543232
79,0,-0.5847768939415889
80,0,-0.6121581288186081
81,0,-0.669487589342367
82,0,-0.4624170005849095
83,0,-0.6386837001057204
84,0,-0.5400684713689561
85,0,0.06189086413051238
86,0,-0.3807011277488054
87,0,-0.5120454887995067
88,0,-0.36316002415571497
89,0,-0.03864960768354246
90,0,-0.45899434622528207
91,0,-0.7079924508881752
92,0,-0.7079924508881752
93,0,-0.6307688118990821
94,0,-0.3948195769822684
95,0,-0.6125859606135615
96,0,-0.4897982354619287
97,0,-0.7079924508881752
98,0,-0.09940172256692875
99,0,-0.7079924508881752
100,0,-0.11116709692814794
101,0,-0.5169655544414712
102,1,0.20521451543990954
103,1,0.3207291000773343
104,1,0.8013981217075068
105,1,0.10424621183090135
106,1,-0.7079924508881752
107,1,-0.36914966928506293
108,1,-0.6848895339606903
109,1,0.9817292232803752
110,1,0.5474799514026492
111,1,-0.5342927421370849
112,1,0.06788050925986035
113,1,-0.03265996255419449
114,1,0.8578719186413588
115,1,-0.5452024529083972
116,1,-0.10346612461898623
117,1,-0.30198007747737526
118,1,-0.5591069862443835
119,1,-0.3965309041620821
120,1,-0.10560528359375339
121,1,-0.3469024159474849
122,1,-0.24572019644099996
123,1,-0.3738558190295507
124,1,-0.07694055333187394
125,1,0.4259757216358766
126,1,-0.23309915848987395
127,1,0.3395536990552849
128,1,1.0854784335565808
129,1,0.46597799446402194
130,1,-0.0972625635921616
131,1,-0.01084054101156977
132,1,0.45827702215486027
133,1,-0.24572019644099996
134,1,-0.6386837001057204
135,1,-0.03351562614410132
136,1,0.6135799637229534
137,1,-0.06496126307317808
138,1,0.44651164779364105
139,1,0.9552036519932628
140,1,-0.6594335421609615
141,1,-0.6887400201152711
142,1,0.9042916683938055
143,1,-0.03544086922139173
144,1,1.9302323126921175
145,1,0.19195172979635342
146,1,-0.24914285080062737
147,1,-0.0010004097276411373
148,1,0.9836544663576656
149,1,0.5344310816565697
150,1,17.246824487922197
151,1,0.5853430652560273
152,1,-0.6463846724148821
153,1,0.2892834631482575
154,1,-0.46797881391930407
155,1,0.7290945483603781
156,1,0.4332488621500849
157,1,-0.07694055333187394
158,1,-1.4474613773415425e-4
159,1,-0.1212211441095534
160,1,0.14382065286409315
161,1,1.2089079064006436
162,1,0.014187618993205454
163,1,0.9297476601935342
164,1,0.8108104211964821
165,1,0.15579994312278908
166,1,0.3872569441925918
167,1,-0.3879742682630136
168,1,3.3061393652623314
169,1,0.12178731542399177
170,1,-0.22646776566809582
171,1,0.09804265080407672
172,1,0.08264070618575345
173,1,1.4114862613110901
174,1,-0.03950527127344929
175,1,1.1815266715236246
176,1,0.10766886619052883
177,1,0.579567336024156
178,1,-0.7079924508881752
179,1,-0.22582601797566573
180,1,0.2749510980173179
181,1,0.5233074549877809
182,1,1.3011056582131066
183,1,-0.5749367626576602
184,1,0.41078769291503003
185,1,0.3874708600900685
186,1,0.3611592047004328
187,1,-0.6309827277965587
188,1,-0.6172921103580492
189,1,0.32308217494957814
190,1,0.35174690521145746
191,1,-0.3336396303039287
192,1,1.9272374901274436
193,1,1.6249743269928492
194,1,-0.4966435441811834
195,1,1.3070953033424546
196,1,-0.04955931845485474
197,1,0.0937643328545424
198,1,0.1093801933703425
199,1,-0.14346839744713147
200,1,-0.24422278515866297
201,1,1.2709435166688903
202,1,1.054032796627504
203,1,1.7678701465072928
204,1,0.09804265080407672
205,1,0.700857649893452
206,1,0.8938097894174464
207,1,-0.4065849513434876
208,1,-0.28101631952465744
209,1,0.49271748164861096
210,1,-0.252351589262778
211,1,0.4281148806106438
212,1,0.8938097894174464
213,1,1.0983133874051834
214,1,-0.7079924508881752
215,1,-0.6620005329306821
216,1,-0.5582513226544766
217,1,0.006700562581520493
218,1,-0.6489516631846026
219,1,0.06895008874724386
220,1,0.2616883123737616
221,1,0.5414903062733012
222,1,0.5560365873017178
223,1,-0.012765784088860253
224,1,2.6402191764173257
225,1,-0.4275487092962054
226,1,-0.588413464198693
227,1,0.3361310446956576
228,1,0.2969844354574191
229,1,0.03750445181816717
230,1,0.6244896744942656
231,1,-0.6472403360047889
232,1,0.35880612982818894
233,1,-0.6714128324196574
234,1,2.12981584503789
235,1,-0.6267044098470246
236,1,-0.10945576974833421
237,1,0.17868894415279732
238,1,-0.0106266251140931
239,1,2.5221376010101806
240,1,-0.7079924508881752
241,1,0.2390132272412302
242,1,-0.6737659072919012
243,1,0.22425303031533694
244,1,-0.11950981692973965
245,1,2.4506896912529585
246,1,0.47667378933785753
247,1,0.11879249285931778
248,1,-0.40637103544601083
249,1,0.21077632877430416
250,1,0.7235327350259835
251,1,-0.5638131359888711
252,1,-0.24037229900408216
253,1,0.2606187328863781
254,1,1.8299057567755395
255,1,-0.6540856447240437
256,1,0.3434041852098657
257,1,0.6878087801473726
258,1,-0.2519237574678246
259,1,0.25740999442422746
260,1,0.2565543308343206
261,1,-0.653871728826567
262,1,3.4879678781175367
263,1,0.3530304005963178
264,1,0.13676142824736168
265,1,0.4781712006201945
266,1,-0.23652181284950133
267,1,0.443516825228967
268,1,0.6989324068161614
269,1,0.5667323821755534
270,1,0.11815074516688762
271,1,0.7053498837404628
272,1,0.2503507698074958
273,1,-0.17234704360648764
274,1,0.9276085012187669
275,1,-0.3903273431352574
276,1,0.3932465893219396
277,1,0.3624427000852931
278,1,-0.0095570456267096
279,1,2.0885300768248842
280,1,-0.4656257390470602
281,1,0.5153925667811423
282,1,-0.5976118477901917
283,1,0.25420125596207666
284,1,-0.7079924508881752
285,1,-0.595044857020471
286,1,-0.5171794703389478
287,1,-0.27053444054829856
288,1,-0.7079924508881752
289,1,0.3012627534069534
290,1,-0.4243399708340548
291,1,-0.7079924508881752
292,1,1.0536049648325505
293,1,-0.44145324263219166
294,1,-0.32700823748215063
295,1,-0.33385354620140545
296,1,-0.636116709336
297,1,-0.4468011400691095
298,1,-0.4726849636637917
299,1,0.14103974619689585
300,1,-0.44487589699181906
301,1,-0.5206021246985753
302,1,0.1528051205581151
303,1,-0.11330625590291502
304,1,-0.410007605703115
305,1,0.43260711445765476
306,1,-0.6848895339606903
307,1,0.3911074303471726
308,1,-0.27310143131801917
309,1,0.67689906937606
310,1,0.42875662830307393
311,1,1.0782052930423724
312,1,0.8193670570955507
313,1,0.6514430775763314
314,1,-0.22090595233370133
315,1,0.3271465770016356
316,1,0.3746359062414657
317,1,0.7342285298998191
318,1,-0.33085872363673147
319,1,0.3181621093076136
320,1,-0.503702768797915
321,1,-0.30647231132438624
322,1,-0.083571946153652
323,1,-0.5659522949636382
324,1,0.6131521319279999
325,1,-0.6620005329306821
326,1,-0.555042584192326
327,1,-0.39310824980245473
328,1,0.3545278118786548
329,1,-0.6162225308706657
330,1,0.1132306795249233
331,1,-0.24764543951829038
332,1,0.9115648089080135
333,1,0.2914226221230246
334,1,-0.06453343127822467
335,1,-0.6673484303675999
336,1,-0.6733380754969478
337,1,-0.1862515769424739
338,1,-0.25641599131483556
339,1,-0.6637118601104958
340,1,-0.15031370616638626
341,1,-0.7079924508881752
342,1,-0.6857451975505972
343,1,-0.7079924508881752
344,1,-0.636116709336
345,1,-0.4324687749381697
346,1,-0.47182930007388485
347,1,-0.4810276836653835
348,1,-0.7079924508881752
349,1,-0.44145324263219166
350,1,-0.18047584771060268
351,1,-0.059613365636260275
352,1,1.1866606530630655
353,1,-0.1990865307910767
354,1,-0.3325700508165451
355,1,-0.022819831270265708
356,1,0.3816951308581972
357,1,-0.6038154088170163
358,1,1.1733978674195096
359,1,1.1286894448468765
360,1,0.11151935234510964
361,1,0.5682297934578903
362,1,0.01761027335283293
363,1,-0.5411380508563396
364,1,-0.6908791790900383
365,1,0.13611968055493154
366,1,-0.5982535954826218
367,1,0.5111142488316082
368,1,-0.5745089308627067
369,1,2.993822154946331
370,1,0.2676779575031096
371,1,-0.7079924508881752
372,1,2.158052743504816
373,1,-0.04913148665990133
374,1,0.5395650631960109
375,1,-0.4453037287867725
376,1,0.26532488263086573
377,1,-0.48209726315276696
378,1,0.1649983267142877
379,1,-0.163148660014989
380,1,-0.7079924508881752
381,1,-0.44016974724733143
382,1,-0.31909334927551225
383,1,-0.6309827277965587
384,1,-0.3282917328670109
385,1,-0.07736838512682735
386,1,-0.27802149695998346
387,1,-0.29770175952784106
388,1,-0.15908425796293146
389,1,0.7325172027200054
390,1,-0.4005953062141397
391,1,-0.22882084054033971
392,1,1.2593920582051477
393,1,0.1718436354335425
394,1,0.8396890673558381
395,1,0.9541340725058794
396,1,0.2454307041655315
397,1,0.6247035903917423
398,1,-0.05405155230186572
399,1,-0.34626066825505475
400,0,-0.6515186539543232
401,1,-0.1926690538667753
402,1,-0.1441101451395616
403,1,0.3213708477697643
404,1,2.161261481966967
405,1,1.0707182366306875
406,1,0.012262375915915122
407,1,-0.6309827277965587
408,1,-0.5807124918895314
409,1,0.008411889761334307
410,1,0.37634723342127935
411,1,-0.6104468016387944
412,1,-0.24144187849146573
413,1,0.06638309797752336
414,1,-0.44872638314639995
415,0,-0.06923958102271231
416,0,-0.7079924508881752
417,0,-0.7079924508881752
418,0,-0.7079924508881752
419,0,-0.6215704283075835
420,0,-0.698366235501723
421,0,-0.4897982354619287
422,0,-0.30561664773447944
423,0,-0.5864882211214026
424,0,-0.6502351585694629
425,0,-0.6395393636956272
426,0,-0.539426723676526
427,0,-0.07437356256215337
428,0,-0.6386837001057204
429,0,-0.4780328611007095
430,0,-0.6887400201152711
431,0,-0.4521490375060273
432,0,-0.2651865431113808
433,0,-0.7079924508881752
434,0,-0.6515186539543232
435,0,-0.39225258621254794
436,0,-0.679113804728819
437,0,-0.7079924508881752
438,0,-0.597397931892715
439,0,-0.3017661615798986
440,0,-0.7079924508881752
441,0,-0.6998636467840601
442,0,-0.6868147770379807
443,0,-0.7079924508881752
444,0,-0.7079924508881752
445,0,-0.7079924508881752
446,0,-0.61472511958832865
447,0,-0.42305647544919445
448,0,-0.3528920610768328
449,0,-0.6908791790900383
450,1,1.2397117956372903
451,0,-0.6771885616515286
452,0,-0.23053216772015336
453,0,-0.46755098212435053
454,0,-0.7079924508881752
455,0,-0.7079924508881752
456,0,-0.5291587605976438
457,1,-0.5372875647017588
458,1,-0.5240247790582027
459,1,-0.692590506269852
460,1,-0.05319588871195889
461,1,-0.3665826785153424
462,1,0.1010374733687507
463,1,-0.3310726395342081
464,1,-0.6267044098470246
465,1,1.401860045924638
466,1,1.0260098140580547
467,1,-0.4127885123703122
468,1,1.230299496148315
469,1,-0.7079924508881752
470,1,2.059865346563005
471,1,-0.6716267483171341
472,1,0.8873923124931451
473,1,1.3002499946231998
474,1,0.0017804969395561773
475,1,0.11151935234510964
476,1,0.11451417490978362
477,1,0.34404593290229585
478,1,-0.6213565124101067
479,1,-0.6566526354937643
480,1,-0.12336030308432054
481,1,0.09141125798229859
482,1,-0.19459429694406571
483,1,-0.6598613739559149
484,1,-0.040788766658309536
485,1,0.6982906591237313
486,1,0.141681493889326
487,1,0.411643356504937
488,1,-0.33813186415093965
489,1,1.817070802926937
490,1,0.4403080867668164
491,1,0.30996913043425567
492,1,0.20542843133738636
493,1,1.2200315330694327
494,1,0.4717537236958931
495,1,-0.26775353388110135
496,1,-0.02902339229709042
497,1,-0.15373636052601367
498,1,1.6318196357121038
499,1,-0.2698926928558684
500,1,-0.595044857020471
501,1,-0.45386036468584096
502,1,0.8396890673558381
503,1,-0.5411380508563396
504,1,-0.5323674990597944
505,1,1.1464444643374436
506,1,-0.28636421696157527
507,1,1.331267799757323
508,1,-0.4863755811023013
509,1,0.09183908977725207
510,1,-0.4981409554635204
511,1,0.11258893183249315
512,1,-0.5030610211054849
513,1,1.0459039925233888
514,1,-0.6908791790900383
515,1,0.24371937698571783
516,1,0.21056241287682734
517,1,-0.5206021246985753
518,1,-0.44316456981200536
519,1,0.6875948642498957
520,1,0.09162517387977541
521,1,1.407849691053986
522,1,-0.1539502764234904
523,1,-0.6113024652287012
524,1,-0.7079924508881752
525,1,0.39495791650175344
526,1,-0.43418010211798347
527,1,0.2982679308422794
528,1,0.9072864909584795
529,1,0.9357373053228821
530,1,0.8550910119741614
531,1,-0.6609309534432986
532,1,-0.679113804728819
533,1,-0.006562223062035614
534,1,-0.6104468016387944
535,1,-0.7079924508881752
536,1,-0.7079924508881752
537,1,-0.34626066825505475
538,1,1.1318981833090274
539,1,0.31431162315303285
540,1,-0.2356661492595945
541,1,-0.7079924508881752
542,1,-0.49835487136099715
543,1,-0.4594221780202356
544,1,0.787921420166474
545,1,-0.1387622477026438
546,1,1.7064762839314767
547,1,-0.6848895339606903
548,1,1.357365539249482
549,1,1.323138995653208
550,1,0.34361810110734237
551,1,-0.6196451852302931
552,1,-0.24593411233847662
553,1,-0.4987827031559506
554,1,0.28906954725078077
555,1,0.2965566036624657
556,1,-0.5982535954826218
557,1,-0.7079924508881752
558,1,0.13697534414483836
559,1,-0.39995355852170955
560,1,0.5874822242307945
561,1,-0.0311625512718575
562,1,0.6846000416852217
563,1,0.3913213462446493
564,1,-0.6463846724148821
565,1,0.6349715534706246
566,1,0.3468268395694932
567,1,1.0189505894413233
568,1,-0.13127519129095885
569,1,-0.622640007794967
570,1,0.45464045189775615
571,1,-0.4324687749381697
572,1,-0.6908791790900383
573,1,-0.49493221700136975
574,1,0.5314362590918957
575,1,0.05825429387340823
576,1,-0.17662536155602188
577,1,-0.06410559948327117
578,1,-0.538571060086619
579,1,-0.08763634820570956
580,1,-0.6489516631846026
581,1,0.3485381667493068
582,1,0.4039423841957752
583,1,1.3776875495097698
584,1,0.14296498927418633
585,1,-0.6153668672807588
586,1,-0.4726849636637917
587,1,-0.5462720323957807
588,1,1.4696713854247558
589,1,2.0472443086118792
590,0,-0.7079924508881752
591,0,-0.5745089308627067
